label,date,confirmed,recovered,deaths
germany,20200127,1,0,0
germany,20200128,4,0,0
germany,20200129,4,0,0
germany,20200130,5,0,0
germany,20200131,7,0,0
germany,20200201,8,0,0
germany,20200202,10,0,0
germany,20200203,12,0,0
germany,20200204,12,0,0
germany,20200205,12,0,0
germany,20200206,13,0,0
germany,20200207,14,0,0
germany,20200208,14,0,0
germany,20200209,14,0,0
germany,20200210,14,1,0
germany,20200211,16,3,0
germany,20200212,16,3,0
germany,20200213,16,4,0
germany,20200214,16,6,0
germany,20200215,16,6,0
germany,20200216,16,8,0
germany,20200217,16,10,0
germany,20200218,16,10,0
germany,20200219,16,10,0
germany,20200220,16,10,0
germany,20200221,16,11,0
germany,20200222,16,11,0
germany,20200223,16,11,0
germany,20200224,16,11,0
germany,20200225,19,14,0
germany,20200226,27,14,0
germany,20200227,47,14,0
germany,20200228,89,14,0
germany,20200229,112,15,0
germany,20200301,147,15,0
germany,20200302,184,15,0
germany,20200303,247,15,0
germany,20200304,390,14,1
germany,20200305,564,13,2
germany,20200306,724,12,3
germany,20200307,864,11,5
germany,20200308,1040,11,5
germany,20200309,1282,10,6
germany,20200310,1799,11,8
germany,20200311,2484,14,11
germany,20200312,3400,26,15
germany,20200313,4717,56,19
germany,20200314,5904,73,21
germany,20200315,6865,99,23
germany,20200316,8919,125,28
germany,20200317,11518,166,39
germany,20200318,14688,276,45
germany,20200319,17355,407,55
germany,20200320,20091,524,69
germany,20200321,22532,624,84
germany,20200322,25580,751,101
germany,20200323,30083,915,138
germany,20200324,34041,1300,174
germany,20200325,37856,1819,210
germany,20200326,44829,2495,281
germany,20200327,50804,3495,348
germany,20200328,55723,4382,427
germany,20200329,59949,5108,480
germany,20200330,66125,6642,616
germany,20200331,70985,8609,757
germany,20200401,77779,11023,909
germany,20200402,84788,12998,1107
germany,20200403,91159,15053,1275
germany,20200404,95614,16884,1427
germany,20200405,100024,19203,1576
germany,20200406,103493,22717,1687
germany,20200407,107458,25646,1983
germany,20200408,111779,28586,2196
germany,20200409,115523,34092,2451
germany,20200410,120157,38899,2688
germany,20200411,124076,42999,2761
germany,20200412,127295,46336,2996
germany,20200413,127942,51599,3085
germany,20200414,131087,55725,3366
germany,20200415,133186,61477,3684
germany,20200416,136255,67331,3971
germany,20200417,139391,72731,4214
germany,20200418,142850,76555,4443
germany,20200419,144882,80557,4578
germany,20200420,146275,84114,4697
germany,20200421,147882,87764,5011
germany,20200422,149631,91765,5229
germany,20200423,151192,95989,5395
germany,20200424,154077,100584,5702
germany,20200425,155708,104587,5818
germany,20200426,156994,107913,5912
germany,20200427,157884,109560,6018
germany,20200428,158914,112885,6182
germany,20200429,160653,115740,6365
germany,20200430,161994,119427,6535
germany,20200501,163397,123076,6669
germany,20200502,164424,126650,6753
germany,20200503,165022,129103,6807
germany,20200504,165374,130824,6895
germany,20200505,166167,132749,7048
germany,20200506,167277,134835,7226
germany,20200507,168895,136714,7344
germany,20200508,169964,139876,7417
germany,20200509,170784,141884,7498
germany,20200510,171241,143545,7509
germany,20200511,171968,144293,7603
germany,20200512,172492,145658,7690
germany,20200513,173547,147353,7807
germany,20200514,173932,148983,7863
germany,20200515,174681,150670,7926
germany,20200516,175203,152151,7958
germany,20200517,175825,153011,7983
germany,20200518,176007,153499,8055
germany,20200519,177239,154380,8130
germany,20200520,178004,155562,8186
germany,20200521,178207,157137,8218
germany,20200522,179216,158533,8254
germany,20200523,179424,159485,8284
germany,20200524,179772,160098,8294
germany,20200525,180097,160809,8342
germany,20200526,180671,161383,8393
germany,20200527,181012,162501,8467
germany,20200528,181683,163054,8491
germany,20200529,182414,163896,8529
germany,20200530,182652,164504,8543
germany,20200531,182847,165113,8551
germany,20200601,183030,165316,8565
germany,20200602,183290,166438,8586
germany,20200603,183513,167235,8624
germany,20200604,183846,167695,8649
germany,20200605,184274,168691,8675
germany,20200606,184784,169012,8684
germany,20200607,185089,169376,8689
germany,20200608,185420,169742,8729
germany,20200609,185807,170287,8748
germany,20200610,185815,170749,8770
germany,20200611,185978,171356,8777
germany,20200612,186521,172075,8793
germany,20200613,186546,172363,8800
germany,20200614,186792,172638,8804
germany,20200615,186952,172812,8814
germany,20200616,187507,173237,8843
germany,20200617,188559,173539,8872
germany,20200618,189050,173832,8886
germany,20200619,189546,174366,8896
germany,20200620,189975,174816,8896
germany,20200621,190480,175128,8898
germany,20200622,191023,175448,8908
germany,20200623,191574,175853,8927
germany,20200624,192163,175917,8938
germany,20200625,192636,176161,8958
germany,20200626,193314,176732,8967
germany,20200627,193594,176799,8969
germany,20200628,193847,177030,8973
germany,20200629,194340,177184,8983
germany,20200630,194787,177667,8997
germany,20200701,195283,178546,9004
germany,20200702,195751,178995,9014
germany,20200703,196189,179473,9019
germany,20200704,196427,179914,9023
germany,20200705,196644,180379,9023
germany,20200706,197084,180872,9031
germany,20200707,197414,181378,9043
germany,20200708,197863,181839,9054
germany,20200709,198282,182245,9060
germany,20200710,198627,182889,9067
germany,20200711,198882,183114,9070
germany,20200712,199041,183365,9071
germany,20200713,199442,183786,9076
germany,20200714,199787,184252,9079
germany,20200715,200330,184853,9085
germany,20200716,200916,185321,9090
germany,20200717,201442,185769,9091
germany,20200718,201655,186046,9091
germany,20200719,201905,186318,9093
germany,20200720,202419,186774,9098
germany,20200721,202877,187144,9102
germany,20200722,203512,187614,9109
germany,20200723,204253,188036,9117
germany,20200724,205042,188440,9124
germany,20200725,205349,188700,9124
germany,20200726,205701,188879,9124
germany,20200727,206320,189292,9129
germany,20200728,207032,189653,9134
germany,20200729,207899,190179,9141
germany,20200730,208772,190736,9147
germany,20200731,209769,191237,9154
germany,20200801,210195,191454,9155
germany,20200802,210514,191698,9155
germany,20200803,211357,192190,9162
germany,20200804,212092,192610,9174
germany,20200805,213135,193201,9181
germany,20200806,214302,193870,9189
germany,20200807,215410,194557,9202
germany,20200808,215950,194853,9203
germany,20200809,216388,195165,9204
germany,20200810,217566,195737,9208
germany,20200811,218586,196369,9214
germany,20200812,220036,197167,9218
germany,20200813,221615,197968,9233
germany,20200814,222890,198867,9237
germany,20200815,223524,199250,9237
germany,20200816,224086,199554,9238
germany,20200817,225620,200327,9242
germany,20200818,227093,201000,9249
germany,20200819,228687,201949,9261
germany,20200820,230299,203025,9267
germany,20200821,232169,204064,9273
germany,20200822,232978,204555,9275
germany,20200823,233656,204973,9278
germany,20200824,235140,206033,9283
germany,20200825,236546,206988,9287
germany,20200826,238006,208315,9293
germany,20200827,239572,209750,9296
germany,20200828,241105,210970,9296
germany,20200829,241850,211557,9302
germany,20200830,242463,212067,9305
germany,20200831,243729,213459,9309
germany,20200901,244958,214772,9321
germany,20200902,246363,216248,9328
germany,20200903,247810,217769,9330
germany,20200904,249220,219486,9331
germany,20200905,250063,220241,9332
germany,20200906,250891,220870,9332
germany,20200907,252570,222288,9337
germany,20200908,253880,223610,9344
germany,20200909,255432,225065,9347
germany,20200910,257039,226631,9349
germany,20200911,258681,228109,9353
germany,20200912,259699,228830,9355
germany,20200913,260686,229432,9356
germany,20200914,262150,230739,9368
germany,20200915,263933,232011,9374
germany,20200916,265926,233451,9377
germany,20200917,268005,234924,9384
germany,20200918,270187,236419,9391
germany,20200919,271808,237254,9392
germany,20200920,272843,238053,9391
germany,20200921,274439,239682,9402
germany,20200922,276401,240998,9415
germany,20200923,278172,242512,9434
germany,20200924,280353,244095,9450
germany,20200925,282819,245707,9459
germany,20200926,284456,246665,9464
germany,20200927,285478,247575,9466
germany,20200928,287546,248988,9478
germany,20200929,289400,250644,9494
germany,20200930,291858,252506,9507
germany,20201001,294539,254451,9515
germany,20201002,297336,256460,9533
germany,20201003,299411,257923,9536
germany,20201004,301572,258913,9539
germany,20201005,304671,260509,9557
germany,20201006,307127,262328,9569
germany,20201007,311085,264040,9584
germany,20201008,315536,266095,9596
germany,20201009,320495,268380,9611
germany,20201010,323460,269884,9621
germany,20201011,326306,270893,9627
germany,20201012,331131,272825,9642
germany,20201013,335713,274620,9686
germany,20201014,341771,276952,9719
germany,20201015,348824,279491,9742
germany,20201016,356847,282129,9777
germany,20201017,362163,284102,9788
germany,20201018,366982,286027,9800
germany,20201019,373825,288779,9846
germany,20201020,381105,291097,9885
germany,20201021,392395,294589,9914
germany,20201022,403874,298537,9962
germany,20201023,418425,302947,10013
germany,20201024,429518,305620,10039
germany,20201025,438388,308077,10063
germany,20201026,450258,312306,10108
germany,20201027,464890,316254,10197
germany,20201028,481680,321506,10282
germany,20201029,500411,327606,10361
germany,20201030,519752,334480,10465
germany,20201031,533704,339091,10522
germany,20201101,545734,343357,10543
germany,20201102,560980,349319,10675
germany,20201103,578649,355477,10832
germany,20201104,598525,365183,10950
germany,20201105,620133,375091,11115
germany,20201106,643491,387595,11244
germany,20201107,659625,396997,11309
germany,20201108,673182,404596,11375
germany,20201109,688972,414907,11525
germany,20201110,706780,427272,11782
germany,20201111,728740,441701,11997
germany,20201112,752293,457874,12220
germany,20201113,774793,474762,12409
germany,20201114,791526,486882,12514
germany,20201115,802946,497408,12575
germany,20201116,817526,510706,12843
germany,20201117,834378,525995,13145
germany,20201118,856903,543905,13394
germany,20201119,880662,563216,13665
germany,20201120,903545,584557,13921
germany,20201121,919443,599542,14061
germany,20201122,932111,612062,14161
germany,20201123,946648,626767,14462
germany,20201124,962906,643569,14833
germany,20201125,985058,664118,15210
germany,20201126,1007761,686276,15641
germany,20201127,1029414,707769,16015
germany,20201128,1044431,723781,16181
germany,20201129,1055607,735196,16307
germany,20201130,1069763,749522,16695
germany,20201201,1086156,766054,17178
germany,20201202,1108176,787564,17663
germany,20201203,1131718,810462,18095
germany,20201204,1157514,832953,18581
germany,20201205,1172732,848640,18839
germany,20201206,1185444,861335,18990
germany,20201207,1200102,875676,19437
germany,20201208,1220117,891676,20005
germany,20201209,1244168,913334,20460
germany,20201210,1273802,935604,21064
germany,20201211,1302331,956921,21569
germany,20201212,1323062,971949,21901
germany,20201213,1339406,982965,22109
germany,20201214,1357141,996679,22637
germany,20201215,1381971,1012256,23545
germany,20201216,1412095,1033648,24274
germany,20201217,1442616,1056480,25027
germany,20201218,1474153,1080964,25756
germany,20201219,1497689,1095901,26173
germany,20201220,1514780,1108377,26400
germany,20201221,1534116,1122299,27112
germany,20201222,1558698,1140572,28103
germany,20201223,1591379,1163432,28914
germany,20201224,1617271,1191261,29333
germany,20201225,1632736,1218167,29581
germany,20201226,1646240,1237386,29949
germany,20201227,1658637,1252346,30300
germany,20201228,1672643,1268521,31145
germany,20201229,1691755,1290545,32263
germany,20201230,1723696,1318030,33281
germany,20201231,1746929,1346645,33791
germany,20210101,1762504,1376675,34150
germany,20210102,1773540,1398211,34487
germany,20210103,1783896,1414120,34793
germany,20210104,1796216,1431563,35750
germany,20210105,1814565,1454221,36760
germany,20210106,1841077,1484100,37837
germany,20210107,1870876,1509589,38988
germany,20210108,1895942,1526601,40054
germany,20210109,1914946,1541004,40600
germany,20210110,1929410,1553851,40939
germany,20210111,1941116,1567737,41806
germany,20210112,1958074,1586908,42890
germany,20210113,1982794,1617276,44100
germany,20210114,2004239,1640857,45209
germany,20210115,2023778,1658611,46223
germany,20210116,2038645,1671697,46673
germany,20210117,2050180,1683164,46908
germany,20210118,2059382,1695963,47833
germany,20210119,2071615,1714394,48998
germany,20210120,2090978,1741120,50017
germany,20210121,2108895,1769285,50870
germany,20210122,2125240,1791585,51716
germany,20210123,2137689,1809108,52097
germany,20210124,2147814,1822959,52296
germany,20210125,2154656,1834289,53132
germany,20210126,2164043,1850724,54087
germany,20210127,2179770,1875933,55042
germany,20210128,2194562,1896892,55885
germany,20210129,2207393,1914805,56718
germany,20210130,2217334,1928513,57111
germany,20210131,2225659,1939614,57309
germany,20210201,2232327,1948688,58061
germany,20210202,2239968,1961299,58906
germany,20210203,2252489,1981277,59720
germany,20210204,2265536,2000687,60604
germany,20210205,2276371,2018113,61267
germany,20210206,2285094,2031588,61553
germany,20210207,2291673,2042412,61721
germany,20210208,2296323,2049754,62194
germany,20210209,2302051,2059841,63008
germany,20210210,2311297,2076699,63676
germany,20210211,2321225,2092263,64234
germany,20210212,2330414,2105898,64772
germany,20210213,2336905,2116606,64990
germany,20210214,2341744,2125457,65107
germany,20210215,2346876,2132099,65639
germany,20210216,2352766,2140096,66202
germany,20210217,2362364,2153449,66738
germany,20210218,2372209,2166959,67248
germany,20210219,2381259,2178385,67760
germany,20210220,2388421,2187731,67882
germany,20210221,2394515,2194956,67946
germany,20210222,2399499,2199624,68365
germany,20210223,2405263,2205660,68790
germany,20210224,2416037,2215822,69170
germany,20210225,2426819,2226315,69578
germany,20210226,2436488,2235867,69943
germany,20210227,2444177,2242898,70092
germany,20210228,2450295,2248375,70152
germany,20210301,2455569,2253451,70515
germany,20210302,2462061,2259280,70926
germany,20210303,2472896,2269100,71289
germany,20210304,2484306,2279320,71554
germany,20210305,2493887,2288430,71852
germany,20210306,2502163,2295805,71951
germany,20210307,2508655,2301958,71989
germany,20210308,2513784,2306627,72236
germany,20210309,2520618,2312085,72536
germany,20210310,2533206,2322231,72858
germany,20210311,2546526,2332577,73123
germany,20210312,2559296,2341924,73349
germany,20210313,2569864,2349307,73416
germany,20210314,2578842,2355122,73463
germany,20210315,2585385,2360129,73702
germany,20210316,2595058,2366249,73953
germany,20210317,2612908,2376612,74177
germany,20210318,2629960,2387484,74402
germany,20210319,2646107,2396752,74609
germany,20210320,2659792,2404708,74707
germany,20210321,2670001,2411070,74757
germany,20210322,2678262,2415916,75011
germany,20210323,2690917,2422292,75255
germany,20210324,2713490,2434289,75484
germany,20210325,2735130,2446914,75671
germany,20210326,2755555,2458906,75829
germany,20210327,2772666,2468810,75916
germany,20210328,2784644,2477168,75965
germany,20210329,2794949,2483283,76139
germany,20210330,2809198,2492069,76389
germany,20210331,2833501,2508316,76589
germany,20210401,2855432,2524005,76824
germany,20210402,2873479,2538723,76940
germany,20210403,2886029,2551255,77011
germany,20210404,2896105,2560672,77060
germany,20210405,2903036,2568216,77151
germany,20210406,2910904,2579406,77451
germany,20210407,2931205,2599674,77759
germany,20210408,2956598,2619362,78048
germany,20210409,2980716,2638006,78297
germany,20210410,2998501,2653703,78402
germany,20210411,3012158,2664983,78500
germany,20210412,3024604,2674240,78796
germany,20210413,3044305,2687233,79137
germany,20210414,3073559,2709954,79428
germany,20210415,3099347,2730663,79674
germany,20210416,3123486,2748111,79894
germany,20210417,3142708,2760810,79972
germany,20210418,3155522,2770832,80052
germany,20210419,3163676,2777725,80356
germany,20210420,3172439,2786449,80458
europe,20200125,3,0,0
europe,20200126,3,0,0
europe,20200127,4,0,0
europe,20200128,8,0,0
europe,20200129,10,0,0
europe,20200130,11,0,0
europe,20200131,20,0,0
europe,20200201,23,0,0
europe,20200202,25,0,0
europe,20200203,27,0,0
europe,20200204,28,0,0
europe,20200205,28,0,0
europe,20200206,29,0,0
europe,20200207,32,0,0
europe,20200208,37,2,0
europe,20200209,38,2,0
europe,20200210,43,2,0
europe,20200211,45,3,0
europe,20200212,46,5,0
europe,20200213,46,6,0
europe,20200214,46,13,0
europe,20200215,47,14,1
europe,20200216,47,14,1
europe,20200217,47,20,1
europe,20200218,47,23,1
europe,20200219,47,24,1
europe,20200220,47,24,1
europe,20200221,64,25,2
europe,20200222,106,28,3
europe,20200223,199,28,4
europe,20200224,277,35,8
europe,20200225,383,37,11
europe,20200226,541,37,14
europe,20200227,806,38,19
europe,20200228,1135,38,23
europe,20200229,1499,39,31
europe,20200301,2220,39,36
europe,20200302,2755,38,55
europe,20200303,3410,35,85
europe,20200304,4466,34,115
europe,20200305,5821,33,161
europe,20200306,7568,29,218
europe,20200307,9716,28,264
europe,20200308,12197,27,415
europe,20200309,15085,30,525
europe,20200310,18726,33,723
europe,20200311,24022,44,966
europe,20200312,25504,55,976
europe,20200313,37391,87,1529
europe,20200314,47819,103,1832
europe,20200315,55928,147,2327
europe,20200316,67331,199,2823
europe,20200317,79137,234,3432
europe,20200318,92972,520,4073
europe,20200319,111193,946,4912
europe,20200320,130196,1400,6083
europe,20200321,152012,2133,7516
europe,20200322,171205,3123,8850
europe,20200323,195587,6643,10307
europe,20200324,221825,10522,12244
europe,20200325,251647,13062,14478
europe,20200326,288199,14156,16789
europe,20200327,323619,21734,19271
europe,20200328,360574,28079,22054
europe,20200329,388420,34042,24523
europe,20200330,423573,41893,27426
europe,20200331,463157,49161,30923
europe,20200401,502638,57383,34802
europe,20200402,542983,69195,39320
europe,20200403,581692,81227,43404
europe,20200404,618383,95655,47506
europe,20200405,652777,108062,50603
europe,20200406,682792,123854,54047
europe,20200407,716379,140720,59352
europe,20200408,754340,165996,63289
europe,20200409,792032,194842,68080
europe,20200410,836469,218526,72770
europe,20200411,874406,244235,76276
europe,20200412,908450,263694,79552
europe,20200413,937161,287683,82763
europe,20200414,971326,317440,86802
europe,20200415,1006427,345862,91611
europe,20200416,1043872,375691,95898
europe,20200417,1079847,406692,99836
europe,20200418,1115992,434673,103653
europe,20200419,1150805,461492,106342
europe,20200420,1182934,486847,108997
europe,20200421,1216203,514752,113012
europe,20200422,1248702,547541,116485
europe,20200423,1280032,581063,119596
europe,20200424,1302279,618640,123127
europe,20200425,1332986,652137,126020
europe,20200426,1360163,681895,127827
europe,20200427,1387552,709875,129942
europe,20200428,1413231,741427,132808
europe,20200429,1438367,774538,135789
europe,20200430,1467037,809618,138144
europe,20200501,1497041,843877,140158
europe,20200502,1523791,876892,141928
europe,20200503,1552702,909182,143515
europe,20200504,1579143,939543,145238
europe,20200505,1606453,971326,147441
europe,20200506,1640447,1002764,149931
europe,20200507,1672056,1033981,151738
europe,20200508,1701416,1057436,153745
europe,20200509,1727282,1087920,154836
europe,20200510,1753575,1114873,155979
europe,20200511,1781451,1141598,157202
europe,20200512,1807626,1167402,159089
europe,20200513,1831647,1192816,160517
europe,20200514,1856838,1221571,162150
europe,20200515,1883434,1250743,163785
europe,20200516,1906900,1277717,164965
europe,20200517,1929402,1307332,165989
europe,20200518,1950197,1334573,166872
europe,20200519,1972170,1361543,167813
europe,20200520,1990718,1394252,169003
europe,20200521,2011877,1424491,169965
europe,20200522,2035833,1450534,171539
europe,20200523,2057612,1476063,172378
europe,20200524,2077556,1501624,173248
europe,20200525,2095762,1530911,171944
europe,20200526,2118154,1556111,173015
europe,20200527,2137391,1579081,174127
europe,20200528,2162025,1604037,175047
europe,20200529,2183348,1630504,176003
europe,20200530,2204711,1653960,176725
europe,20200531,2224192,1677155,177146
europe,20200601,2242426,1698681,177630
europe,20200602,2260225,1720753,178442
europe,20200603,2281249,1741614,179263
europe,20200604,2302095,1764253,179868
europe,20200605,2323075,1788075,180657
europe,20200606,2343893,1810246,181241
europe,20200607,2363727,1831009,181603
europe,20200608,2382797,1850647,182061
europe,20200609,2402583,1873112,182782
europe,20200610,2421525,1892633,183487
europe,20200611,2442335,1916646,183945
europe,20200612,2464277,1938328,184499
europe,20200613,2485577,1959798,184959
europe,20200614,2506239,1979423,185253
europe,20200615,2525227,1998254,185605
europe,20200616,2545339,2015960,186262
europe,20200617,2566736,2036287,186916
europe,20200618,2587703,2056619,187441
europe,20200619,2607185,2076168,189067
europe,20200620,2626565,2096942,189487
europe,20200621,2644545,2116371,189739
europe,20200622,2665823,2135022,190064
europe,20200623,2685869,2155069,190598
europe,20200624,2705787,2174188,191011
europe,20200625,2725957,2195467,191412
europe,20200626,2747464,2215844,191910
europe,20200627,2765722,2237115,192253
europe,20200628,2783394,2257184,192515
europe,20200629,2803650,2275654,192842
europe,20200630,2821904,2294711,193280
europe,20200701,2841239,2315688,193795
europe,20200702,2860057,2336458,194220
europe,20200703,2849300,2355821,194657
europe,20200704,2866093,2375379,194998
europe,20200705,2882338,2393879,195266
europe,20200706,2902752,2414043,195586
europe,20200707,2919837,2433610,196077
europe,20200708,2938779,2452784,196533
europe,20200709,2957639,2472905,196932
europe,20200710,2977371,2493744,197342
europe,20200711,2995232,2512271,197698
europe,20200712,3012046,2530190,197940
europe,20200713,3032602,2550188,198207
europe,20200714,3050250,2567869,198593
europe,20200715,3070128,2587475,199036
europe,20200716,3089939,2606315,199422
europe,20200717,3111375,2601221,199815
europe,20200718,3129212,2618289,200074
europe,20200719,3146276,2634614,200285
europe,20200720,3169650,2655139,200545
europe,20200721,3188613,2672271,200869
europe,20200722,3209675,2690972,201251
europe,20200723,3232560,2709836,201599
europe,20200724,3254914,2729717,201962
europe,20200725,3272963,2747335,202250
europe,20200726,3291204,2764086,202445
europe,20200727,3312470,2784172,202695
europe,20200728,3339595,2801647,203028
europe,20200729,3362336,2821158,203446
europe,20200730,3387068,2840148,203776
europe,20200731,3412589,2854705,204161
europe,20200801,3431683,2872619,204401
europe,20200802,3450572,2889296,204649
europe,20200803,3480958,2911777,204915
europe,20200804,3506419,2930108,205336
europe,20200805,3530472,2950193,205701
europe,20200806,3559804,2971960,206045
europe,20200807,3588949,2993428,206377
europe,20200808,3609113,3011469,206668
europe,20200809,3628017,3029134,206876
europe,20200810,3662625,3049916,207242
europe,20200811,3686806,3075160,207594
europe,20200812,3715909,3096821,207922
europe,20200813,3748536,3120004,208346
europe,20200814,3779212,3144251,208696
europe,20200815,3807482,3162556,209159
europe,20200816,3830506,3180993,209378
europe,20200817,3866620,3210059,209640
europe,20200818,3896044,3234585,210008
europe,20200819,3929491,3257340,210490
europe,20200820,3965559,3284866,210837
europe,20200821,4003616,3312523,211225
europe,20200822,4023928,3332518,211428
europe,20200823,4057621,3350886,211789
europe,20200824,4101106,3382169,212059
europe,20200825,4133506,3407235,212481
europe,20200826,4170667,3434796,212774
europe,20200827,4208648,3465222,213172
europe,20200828,4251054,3494628,213539
europe,20200829,4279712,3520688,213856
europe,20200830,4308346,3542629,214090
europe,20200831,4357785,3577346,214464
europe,20200901,4393341,3605784,214948
europe,20200902,4435331,3636931,215393
europe,20200903,4478484,3671309,215826
europe,20200904,4526674,3706620,216350
europe,20200905,4563132,3726531,216733
europe,20200906,4596593,3757025,216988
europe,20200907,4654156,3798408,217377
europe,20200908,4697567,3829014,217884
europe,20200909,4745427,3864051,218349
europe,20200910,4797304,3900410,218820
europe,20200911,4853147,3939599,219279
europe,20200912,4896989,3967684,219651
europe,20200913,4934527,3994914,219960
europe,20200914,4996929,4041512,220392
europe,20200915,5047919,4074833,221088
europe,20200916,5104684,4114433,221843
europe,20200917,5165696,4155834,222516
europe,20200918,5234519,4200992,223236
europe,20200919,5286815,4233783,223699
europe,20200920,5332216,4266822,224042
europe,20200921,5405861,4320844,224596
europe,20200922,5464975,4361903,225467
europe,20200923,5533699,4406429,226166
europe,20200924,5606093,4455314,226853
europe,20200925,5683261,4507501,227607
europe,20200926,5743903,4547654,228243
europe,20200927,5795866,4582873,228632
europe,20200928,5868399,4642483,229241
europe,20200929,5926760,4690522,229970
europe,20200930,6011475,4743068,231016
europe,20201001,6088868,4799244,231852
europe,20201002,6171619,4862388,232733
europe,20201003,6252006,4910604,233382
europe,20201004,6311915,4954319,233860
europe,20201005,6420584,5024295,234548
europe,20201006,6515090,5079327,235645
europe,20201007,6619743,5143333,236608
europe,20201008,6740490,5210529,237710
europe,20201009,6864090,5282240,238811
europe,20201010,6981577,5338774,239640
europe,20201011,7081058,5387351,240338
europe,20201012,7200315,5457283,241250
europe,20201013,7314386,5513596,242473
europe,20201014,7463205,5591515,243866
europe,20201015,7626267,5664460,245204
europe,20201016,7790599,5743402,246730
europe,20201017,7943780,5817313,247906
europe,20201018,8089689,5873357,248852
europe,20201019,8259596,5973991,250147
europe,20201020,8424824,6060716,252010
europe,20201021,8627909,6156800,253703
europe,20201022,8854119,6266194,255585
europe,20201023,9096661,6378441,257636
europe,20201024,9314146,6483708,259338
europe,20201025,9525369,6572891,260716
europe,20201026,9771165,6681625,262560
europe,20201027,10007911,6782876,265429
europe,20201028,10268166,6917225,267989
europe,20201029,10558963,7060963,270653
europe,20201030,10871103,7205527,273737
europe,20201031,11117902,7341875,276272
europe,20201101,11352636,7469063,278248
europe,20201102,11646363,7626297,280933
europe,20201103,11885391,7775877,284912
europe,20201104,12205583,7954482,290212
europe,20201105,12536626,8156779,293694
europe,20201106,12871411,8369535,298529
europe,20201107,13190008,8562010,301763
europe,20201108,13421814,8748201,304283
europe,20201109,13686313,8967401,307795
europe,20201110,13930433,9174363,312827
europe,20201111,14233159,9406699,318192
europe,20201112,14540879,9665033,322685
europe,20201113,14837863,9939955,327510
europe,20201114,15095099,10162857,331411
europe,20201115,15319195,10372747,334445
europe,20201116,15554005,10641774,338316
europe,20201117,15837869,10859715,344295
europe,20201118,16108419,11147865,349735
europe,20201119,16391467,11452632,354734
europe,20201120,16673057,11758598,360646
europe,20201121,16912933,12051005,364720
europe,20201122,17111280,12272770,368109
europe,20201123,17313843,12531017,372331
europe,20201124,17553696,12768225,378916
europe,20201125,17797927,13055896,384597
europe,20201126,18051329,13352120,390075
europe,20201127,18303084,13644659,396346
europe,20201128,18511914,13892842,400689
europe,20201129,18690594,14115204,404084
europe,20201130,18867187,14361905,408310
europe,20201201,19072957,14634174,414738
europe,20201202,19295687,14907614,420373
europe,20201203,19533958,15192154,426038
europe,20201204,19778549,15476576,431973
europe,20201205,19988083,15726117,436394
europe,20201206,20169628,15925253,439790
europe,20201207,20346390,16141194,443757
europe,20201208,20549874,16379842,449640
europe,20201209,20777822,16628013,454995
europe,20201210,21018107,16885118,460740
europe,20201211,21285945,17139160,466485
europe,20201212,21513915,17351773,471372
europe,20201213,21713785,17535500,474650
europe,20201214,21912747,17725177,478794
europe,20201215,22146774,17941606,485433
europe,20201216,22414759,18169774,491496
europe,20201217,22697378,18411616,497236
europe,20201218,22967134,18655039,503169
europe,20201219,23193684,18865828,507836
europe,20201220,23396143,19046133,511058
europe,20201221,23601606,19231735,515351
europe,20201222,23844166,19439173,521864
europe,20201223,24108356,19667572,527713
europe,20201224,24377883,19902520,532612
europe,20201225,24590354,20156021,536393
europe,20201226,24746180,20379051,539347
europe,20201227,24895749,20570242,542456
europe,20201228,25082486,20764729,546848
europe,20201229,25340231,20987494,553532
europe,20201230,25633266,21237344,560181
europe,20201231,25923291,21503196,565559
europe,20210101,26158553,21757377,569646
europe,20210102,26330483,21971329,572644
europe,20210103,26508490,22167771,575739
europe,20210104,26724767,22365582,580398
europe,20210105,27013356,22595422,587288
europe,20210106,27295096,22842711,593051
europe,20210107,27612462,23097962,598845
europe,20210108,27905608,23317621,605169
europe,20210109,28139555,23484443,609717
europe,20210110,28345649,23643716,613024
europe,20210111,28568473,23834633,617384
europe,20210112,28803590,24085933,624503
europe,20210113,29074418,24363051,631091
europe,20210114,29340749,24644261,637381
europe,20210115,29605704,24882143,643694
europe,20210116,29799044,25063340,648564
europe,20210117,29961772,25244659,651757
europe,20210118,30177294,25461139,656223
europe,20210119,30385603,25738377,663662
europe,20210120,30630707,26007556,670819
europe,20210121,30873015,26301859,676946
europe,20210122,31108992,26569095,683402
europe,20210123,31284380,26780056,688283
europe,20210124,31428831,26969477,691340
europe,20210125,31629989,27185225,695991
europe,20210126,31815510,27420966,703188
europe,20210127,32038270,27685817,709946
europe,20210128,32256545,27947540,715939
europe,20210129,32466233,28197205,722231
europe,20210130,32622002,28380826,726723
europe,20210131,32751428,28541881,729667
europe,20210201,32930926,28756869,734066
europe,20210202,33097473,28979740,740906
europe,20210203,33290676,29224587,747029
europe,20210204,33481599,29474216,752465
europe,20210205,33662663,29714737,758155
europe,20210206,33801847,29897267,761889
europe,20210207,33918379,30048342,764403
europe,20210208,34052264,30253909,768362
europe,20210209,34188894,30448206,774464
europe,20210210,34352873,30673974,779815
europe,20210211,34514521,30894967,784615
europe,20210212,34669907,31109907,789386
europe,20210213,34798798,31270114,792635
europe,20210214,34897757,31402696,794662
europe,20210215,35011518,31587871,798226
europe,20210216,35139591,31762097,802994
europe,20210217,35295558,31960647,807450
europe,20210218,35457605,32154848,811432
europe,20210219,35618631,32341556,815653
europe,20210220,35756997,32484365,818361
europe,20210221,35876365,32603229,820290
europe,20210222,35987143,32749628,823156
europe,20210223,36129767,32894812,827403
europe,20210224,36310345,33066363,831206
europe,20210225,36488822,33233997,834666
europe,20210226,36664715,33395550,838353
europe,20210227,36819426,33527892,841046
europe,20210228,36948091,33630764,842912
europe,20210301,37057455,33757067,845597
europe,20210302,37216484,33891553,849529
europe,20210303,37324295,34050648,853609
europe,20210304,37510530,34213992,856944
europe,20210305,37696198,34374525,860826
europe,20210306,37864631,34510619,863380
europe,20210307,38005557,34626188,865215
europe,20210308,38118074,34740941,867910
europe,20210309,38282418,34881862,871476
europe,20210310,38488574,35054552,875266
europe,20210311,38694213,35224262,878760
europe,20210312,38895300,35392029,882178
europe,20210313,39095193,35538381,884987
europe,20210314,39257544,35658642,886969
europe,20210315,39392537,35768183,889718
europe,20210316,39585561,35920200,893641
europe,20210317,39820367,36032325,897353
europe,20210318,40060992,36209144,900786
europe,20210319,40294646,36386349,904171
europe,20210320,40518630,36545449,907147
europe,20210321,40702193,36678886,909210
europe,20210322,40868604,36791596,912583
europe,20210323,41063875,36951434,916709
europe,20210324,41359827,37148460,920584
europe,20210325,41639646,37342745,924834
europe,20210326,41906030,37533831,929508
europe,20210327,42156543,37721553,932608
europe,20210328,42360677,37873460,934806
europe,20210329,42530593,38004713,937773
europe,20210330,42759993,38190980,941926
europe,20210331,43053979,38394275,946133
europe,20210401,43344957,38617122,950205
europe,20210402,43606288,38837523,953998
europe,20210403,43828437,39047019,957428
europe,20210404,44057733,39219013,959902
europe,20210405,44204351,39376867,962528
europe,20210406,44391359,39566638,966316
europe,20210407,44604822,39838130,971143
europe,20210408,44933850,40095605,975886
europe,20210409,45200120,40340181,980538
europe,20210410,45294248,40577926,981598
europe,20210411,45644145,40769387,986728
europe,20210412,45824301,40932745,990053
europe,20210413,46065229,41154043,994422
europe,20210414,46337508,41427862,999051
europe,20210415,46601195,41701730,1003217
europe,20210416,46859386,41951867,1007258
europe,20210417,47080052,42170452,1010609
europe,20210418,47261389,42387379,1013092
europe,20210419,47422592,42540732,1016374
europe,20210420,47510450,42733875,1018967
world,20200122,555,0,17
world,20200123,653,0,18
world,20200124,939,0,26
world,20200125,1435,0,42
world,20200126,2117,0,56
world,20200127,2928,0,82
world,20200128,5579,0,131
world,20200129,6167,0,133
world,20200130,8237,0,171
world,20200131,9930,0,213
world,20200201,12039,0,259
world,20200202,16788,0,362
world,20200203,19882,0,426
world,20200204,23893,0,492
world,20200205,27637,8,564
world,20200206,30820,18,634
world,20200207,34394,178,719
world,20200208,37123,505,806
world,20200209,40152,968,906
world,20200210,42764,1534,1013
world,20200211,44804,3575,1113
world,20200212,45223,4042,1118
world,20200213,60371,5493,1371
world,20200214,66888,6728,1523
world,20200215,69033,8301,1666
world,20200216,71227,12016,1770
world,20200217,73261,14412,1868
world,20200218,75139,17511,2007
world,20200219,75642,20416,2122
world,20200220,76200,22866,2247
world,20200221,76844,25722,2251
world,20200222,78600,27743,2458
world,20200223,78981,30167,2469
world,20200224,79618,32187,2629
world,20200225,80465,34276,2708
world,20200226,81451,34672,2770
world,20200227,82811,47175,2814
world,20200228,84220,52679,2872
world,20200229,86103,54765,2941
world,20200301,88444,57431,2996
world,20200302,90391,59622,3085
world,20200303,92952,61886,3160
world,20200304,95307,62990,3255
world,20200305,98028,64029,3349
world,20200306,101916,65196,3462
world,20200307,105925,67069,3563
world,20200308,109838,67853,3807
world,20200309,113709,68771,3999
world,20200310,118960,69727,4269
world,20200311,126466,70408,4622
world,20200312,129690,74228,4733
world,20200313,143507,76311,5392
world,20200314,157391,77793,5839
world,20200315,168348,79474,6473
world,20200316,183176,80915,7147
world,20200317,199484,82739,7946
world,20200318,217398,84075,8795
world,20200319,244955,85612,9902
world,20200320,272772,87751,11319
world,20200321,305192,90160,12992
world,20200322,336756,92198,14646
world,20200323,376601,94038,16414
world,20200324,418907,96592,18718
world,20200325,457194,101010,21277
world,20200326,530226,102147,24276
world,20200327,592083,109901,27415
world,20200328,657881,117665,30914
world,20200329,704048,124417,33955
world,20200330,776165,133407,37725
world,20200331,851693,142904,42393
world,20200401,927497,153196,47557
world,20200402,1009716,171003,53632
world,20200403,1091004,188624,59295
world,20200404,1173250,209849,65277
world,20200405,1244682,231464,70021
world,20200406,1312733,259361,74991
world,20200407,1386886,287389,82586
world,20200408,1474984,313198,89184
world,20200409,1557257,366165,96520
world,20200410,1654414,410377,103881
world,20200411,1736566,459370,109973
world,20200412,1811412,493404,115373
world,20200413,1882244,548255,120604
world,20200414,1946029,604840,127554
world,20200415,2035720,660967,135571
world,20200416,2115022,721562,145063
world,20200417,2202553,780798,155554
world,20200418,2290790,845810,161266
world,20200419,2371982,901552,167349
world,20200420,2447709,956666,172325
world,20200421,2525252,1017594,178836
world,20200422,2602919,1088701,185568
world,20200423,2672552,1163656,190422
world,20200424,2765564,1244575,199205
world,20200425,2863044,1316752,205550
world,20200426,2940807,1381739,209282
world,20200427,3011653,1447875,213738
world,20200428,3086296,1506921,220377
world,20200429,3162135,1587492,226689
world,20200430,3249556,1661391,232682
world,20200501,3340689,1742567,237775
world,20200502,3418244,1825086,242286
world,20200503,3509097,1899953,246633
world,20200504,3586721,1970309,250436
world,20200505,3666330,2041486,256116
world,20200506,3761086,2114881,262484
world,20200507,3854923,2180955,268573
world,20200508,3949578,2269875,273498
world,20200509,4033884,2360083,277711
world,20200510,4119203,2433346,281629
world,20200511,4196250,2501012,284810
world,20200512,4280814,2567939,290347
world,20200513,4367479,2641794,295115
world,20200514,4465162,2722135,300554
world,20200515,4565647,2807279,305829
world,20200516,4666316,2882467,310318
world,20200517,4750472,2967981,313727
world,20200518,4833382,3042114,316834
world,20200519,4934931,3116478,321677
world,20200520,5027576,3203686,325794
world,20200521,5132630,3288414,330069
world,20200522,5241100,3377282,335517
world,20200523,5336343,3460452,339287
world,20200524,5443984,3540454,343096
world,20200525,5538697,3615390,343961
world,20200526,5629928,3694196,347756
world,20200527,5729051,3773973,352489
world,20200528,5843428,3864639,357428
world,20200529,5968911,3958511,362177
world,20200530,6093085,4050181,366557
world,20200531,6219649,4132164,370059
world,20200601,6322556,4211533,372554
world,20200602,6435076,4304474,376754
world,20200603,6563468,4392705,381601
world,20200604,6691418,4490342,386764
world,20200605,6822738,4590796,392018
world,20200606,6913320,4680975,394896
world,20200607,7084585,4779386,399669
world,20200608,7196846,4867066,403161
world,20200609,7304206,4953128,407003
world,20200610,7435650,5044943,411828
world,20200611,7568754,5151265,416540
world,20200612,7718551,5266807,421466
world,20200613,7862536,5381907,425844
world,20200614,7984411,5496672,429149
world,20200615,8114827,5592178,432573
world,20200616,8239140,5698573,436475
world,20200617,8429487,5812492,443813
world,20200618,8570781,5931082,448579
world,20200619,8723604,6051641,454775
world,20200620,8904511,6138525,459412
world,20200621,9053641,6293285,463195
world,20200622,9199824,6397893,467330
world,20200623,9347029,6497697,471653
world,20200624,9515733,6617442,476890
world,20200625,9698827,6741785,481911
world,20200626,9876694,6880098,488530
world,20200627,10067516,7015811,492844
world,20200628,10251726,7134508,496957
world,20200629,10392635,7256545,499832
world,20200630,10587692,7373183,505143
world,20200701,10738580,7546897,509382
world,20200702,10983890,7680082,514836
world,20200703,11182873,7823332,520102
world,20200704,11375530,7981798,524472
world,20200705,11580229,8130685,529137
world,20200706,11739045,8267218,531999
world,20200707,11934665,8401480,536985
world,20200708,12149071,8557035,542682
world,20200709,12359334,8725025,547798
world,20200710,12618566,8891553,553505
world,20200711,12857028,9067943,558583
world,20200712,13065613,9235039,563222
world,20200713,13267089,9370053,567014
world,20200714,13452063,9546763,571210
world,20200715,13694523,9699699,577074
world,20200716,13930712,9918911,582359
world,20200717,14191344,10101958,589071
world,20200718,14394121,10287411,593915
world,20200719,14658180,10475499,599407
world,20200720,14884692,10626912,604291
world,20200721,15056416,10809821,607318
world,20200722,15325901,11007612,614794
world,20200723,15640899,11205325,621911
world,20200724,15930557,11438261,631930
world,20200725,16196087,11661934,637192
world,20200726,16453638,11860373,642466
world,20200727,16669092,12045794,646405
world,20200728,16903531,12226463,652725
world,20200729,17163041,12445373,657962
world,20200730,17451248,12676884,664464
world,20200731,17745017,12918911,670737
world,20200801,18031561,13113684,676705
world,20200802,18286230,13360520,682069
world,20200803,18500683,13569671,685893
world,20200804,18730382,13740328,691732
world,20200805,18984460,13992481,698065
world,20200806,19276109,14278691,705896
world,20200807,19548628,14556527,711621
world,20200808,19840778,14809848,718429
world,20200809,20098461,15052593,723440
world,20200810,20325691,15260890,727795
world,20200811,20552816,15479577,733658
world,20200812,20830181,15729063,740278
world,20200813,21123097,16000457,746685
world,20200814,21417437,16277862,756425
world,20200815,21700882,16541248,762827
world,20200816,21946215,16793124,767499
world,20200817,22169248,17005892,771579
world,20200818,22387766,17219092,776486
world,20200819,22661104,17469040,783705
world,20200820,22941784,17759055,790009
world,20200821,23224169,18028782,796231
world,20200822,23400703,18312060,799774
world,20200823,23734288,18562942,806539
world,20200824,23964375,18783979,810387
world,20200825,24182510,19007337,815614
world,20200826,24457336,19274698,822049
world,20200827,24736105,19560545,828182
world,20200828,25030023,19848977,833976
world,20200829,25298110,20127655,839366
world,20200830,25563273,20369957,844259
world,20200831,25805975,20587313,848230
world,20200901,26060769,20803416,852876
world,20200902,26342629,21066255,859529
world,20200903,26615882,21343367,865287
world,20200904,26926387,21617766,871296
world,20200905,27222661,21812025,876689
world,20200906,27486642,22125898,881226
world,20200907,27728658,22346222,890417
world,20200908,27946246,22562095,894474
world,20200909,28208582,22831829,900088
world,20200910,28513415,23107327,906172
world,20200911,28824353,23395578,911933
world,20200912,29134057,23661261,917399
world,20200913,29410947,23918059,921802
world,20200914,29685652,24152649,925992
world,20200915,29956441,24394976,931187
world,20200916,30244684,24668833,937500
world,20200917,30561133,24937904,943161
world,20200918,30891391,25237312,948641
world,20200919,31202834,25504270,954013
world,20200920,31485951,25777512,958664
world,20200921,31769754,26013391,962408
world,20200922,32034318,26226127,967371
world,20200923,32360323,26484595,973737
world,20200924,32670200,26778062,979893
world,20200925,33004112,27079998,985488
world,20200926,33318147,27375664,991199
world,20200927,33598554,27645561,995854
world,20200928,33871630,27909814,999898
world,20200929,34122171,28172988,1004322
world,20200930,34447092,28453597,1010676
world,20201001,34776256,28755153,1016932
world,20201002,35107946,29072806,1025572
world,20201003,35439094,29375882,1030918
world,20201004,35716012,29650830,1035258
world,20201005,36015905,29922197,1039333
world,20201006,36326820,30169900,1046792
world,20201007,36677605,30477477,1052508
world,20201008,37054994,30779668,1059181
world,20201009,37418389,31103337,1064819
world,20201010,37786579,31410598,1070733
world,20201011,38109270,31685885,1075148
world,20201012,38424694,31955179,1079256
world,20201013,38728015,32205184,1083840
world,20201014,39087065,32517149,1089459
world,20201015,39498206,32837758,1095481
world,20201016,39909559,33162952,1101690
world,20201017,40310881,33484397,1107434
world,20201018,40672087,33757624,1112377
world,20201019,41040405,34050223,1116459
world,20201020,41410789,34346287,1122036
world,20201021,41843969,34685619,1128523
world,20201022,42326863,35042713,1135323
world,20201023,42820953,35394246,1141285
world,20201024,43310831,35744978,1147912
world,20201025,43752065,36054379,1152747
world,20201026,44201457,36356062,1158020
world,20201027,44665304,36641737,1165104
world,20201028,45156978,36987065,1171997
world,20201029,45711475,37374716,1179099
world,20201030,46286810,37762448,1186791
world,20201031,46770382,38143120,1193403
world,20201101,47247660,38481609,1199266
world,20201102,47757500,38831111,1204399
world,20201103,48224272,39181634,1212365
world,20201104,48807768,39588483,1222223
world,20201105,49431702,40041483,1231016
world,20201106,50068666,40499702,1240743
world,20201107,50680745,40957471,1248513
world,20201108,51194825,41368693,1254808
world,20201109,51671653,41784370,1261732
world,20201110,52242640,42206933,1270907
world,20201111,52876043,42661715,1281288
world,20201112,53535304,43177513,1291308
world,20201113,54221027,43709483,1301881
world,20201114,54812007,44168146,1310334
world,20201115,55355333,44614390,1318152
world,20201116,55884172,45088633,1325449
world,20201117,56455146,45525844,1335735
world,20201118,57068293,46068348,1346657
world,20201119,57725517,46653292,1357444
world,20201120,58387701,47249616,1369504
world,20201121,59008659,47827673,1379086
world,20201122,59544795,48319822,1386455
world,20201123,60081677,48782726,1394886
world,20201124,60638299,49320858,1406319
world,20201125,61258694,49913753,1418479
world,20201126,61851314,50541015,1429526
world,20201127,62504416,51193109,1441073
world,20201128,63054865,51753887,1449798
world,20201129,63590119,52275495,1458309
world,20201130,64076359,52792775,1466055
world,20201201,64602057,53331162,1477800
world,20201202,65279031,53925505,1490677
world,20201203,65931215,54563441,1503311
world,20201204,66598642,55207773,1516122
world,20201205,67257578,55816304,1526769
world,20201206,67817821,56339776,1535014
world,20201207,68322318,56856920,1542746
world,20201208,68882443,57404990,1554176
world,20201209,69584339,58015648,1566509
world,20201210,70234779,58608263,1579847
world,20201211,70889906,59256479,1591252
world,20201212,71561010,59802978,1603301
world,20201213,72129710,60331814,1611341
world,20201214,72667009,60818420,1619488
world,20201215,73277201,61341255,1631414
world,20201216,73998501,61990973,1645905
world,20201217,74763412,62631008,1659066
world,20201218,75461015,63284767,1671685
world,20201219,76090410,63925001,1682779
world,20201220,76701669,64471563,1691646
world,20201221,77271275,64972957,1701218
world,20201222,77826739,65520001,1713600
world,20201223,78509270,66192125,1727080
world,20201224,79265665,66817500,1740574
world,20201225,79768938,67463532,1749271
world,20201226,80232078,68103191,1756587
world,20201227,80698019,68658029,1763764
world,20201228,81158225,69176554,1772330
world,20201229,81870305,69755128,1787030
world,20201230,82517718,70453226,1801381
world,20201231,83321815,71180744,1816218
world,20210101,83871581,71862584,1825954
world,20210102,84463229,72489387,1834445
world,20210103,84988885,73083250,1841640
world,20210104,85559106,73630432,1851051
world,20210105,86234910,74171572,1866308
world,20210106,86952411,74845529,1878743
world,20210107,87820345,75564743,1894748
world,20210108,88694289,76082835,1910297
world,20210109,89445711,76574564,1923312
world,20210110,90149206,77051516,1932834
world,20210111,90764284,77516870,1943116
world,20210112,91389536,78193927,1957754
world,20210113,92170527,78838921,1974958
world,20210114,92905781,79619709,1990446
world,20210115,93636190,80184125,2005347
world,20210116,94323175,80769720,2018947
world,20210117,94942561,81302158,2029283
world,20210118,95447656,81863381,2038147
world,20210119,96066270,82498946,2054328
world,20210120,96671813,83193350,2070429
world,20210121,97335827,84023112,2086290
world,20210122,98056248,84805283,2103950
world,20210123,98581849,85486083,2116898
world,20210124,99114643,86131261,2127715
world,20210125,99596344,86705623,2137446
world,20210126,100173878,87331369,2154326
world,20210127,100713399,88070008,2169960
world,20210128,101316791,88802276,2186710
world,20210129,101913968,89480291,2202973
world,20210130,102484410,90134470,2216719
world,20210131,102882368,90725527,2226303
world,20210201,103344244,91233597,2236350
world,20210202,103755651,91849754,2250247
world,20210203,104260508,92463340,2264588
world,20210204,104827993,93150787,2281948
world,20210205,105256043,93888862,2294996
world,20210206,105714245,94447252,2307375
world,20210207,106039031,95006733,2314824
world,20210208,106434880,95505675,2324254
world,20210209,106797136,96080363,2336646
world,20210210,107238141,96653650,2351166
world,20210211,107678008,97269898,2364693
world,20210212,108106086,97878119,2380296
world,20210213,108499905,98460313,2391850
world,20210214,108813053,98895267,2399140
world,20210215,109094222,99358356,2406564
world,20210216,109467164,99800716,2417068
world,20210217,109869790,100314319,2428459
world,20210218,110261912,100889721,2439842
world,20210219,110627756,101366123,2449959
world,20210220,111084869,101827767,2459990
world,20210221,111407850,102187534,2466616
world,20210222,111673586,102594411,2472755
world,20210223,112018912,102990120,2482367
world,20210224,112441443,103439634,2493557
world,20210225,112891068,103901037,2504728
world,20210226,113329320,104352540,2515119
world,20210227,113799011,104771863,2524941
world,20210228,114088368,105095727,2531187
world,20210301,114415609,105406612,2537610
world,20210302,114731016,105779325,2545536
world,20210303,115084497,106190745,2557187
world,20210304,115492703,106609159,2565966
world,20210305,115947262,106976585,2576829
world,20210306,116409611,107425123,2585618
world,20210307,116747041,107742154,2591931
world,20210308,117094341,108027549,2598291
world,20210309,117451280,108365634,2608910
world,20210310,117982989,108781890,2618900
world,20210311,118384295,109222010,2626453
world,20210312,118938088,109648414,2636260
world,20210313,119404887,110093704,2645491
world,20210314,119847823,110379769,2653532
world,20210315,120197320,110691366,2659961
world,20210316,120650094,111008475,2669767
world,20210317,121081275,111364826,2676738
world,20210318,121634793,111759508,2687028
world,20210319,122166190,112185892,2697472
world,20210320,122705287,112637962,2706700
world,20210321,123169317,112965273,2713925
world,20210322,123571402,113289290,2720897
world,20210323,124032172,113635267,2729540
world,20210324,124659172,114133970,2740706
world,20210325,125283668,114531827,2753806
world,20210326,125934192,115053691,2762652
world,20210327,126531496,115510887,2772822
world,20210328,127048293,115914556,2781372
world,20210329,127478311,116252343,2788637
world,20210330,128033267,116668165,2798116
world,20210331,128674301,117071744,2810172
world,20210401,129353364,117584278,2822102
world,20210402,130033850,118088886,2833516
world,20210403,130617167,118602919,2843228
world,20210404,131163957,119034047,2850817
world,20210405,131646741,119418526,2857475
world,20210406,132170201,119849175,2866823
world,20210407,132827868,120441969,2881962
world,20210408,133651579,121008369,2895432
world,20210409,134409046,121625615,2909354
world,20210410,134846929,122188943,2917229
world,20210411,135803610,122675213,2932981
world,20210412,136422217,123080041,2942068
world,20210413,137108270,123604008,2952625
world,20210414,137909569,124189285,2966410
world,20210415,138718312,124829930,2979723
world,20210416,139543102,125467307,2993015
world,20210417,140331608,126029723,3005079
world,20210418,141055348,126549502,3015536
world,20210419,141758787,127006283,3025390
world,20210420,142297871,127508620,3033978
